{"cameraMode":{"drawMode":0,"name":"Shaded","section":"Shading Mode"},"sceneLighting":true,"audioPlay":false,"sceneViewState":{"showFog":true,"showMaterialUpdate":false,"showSkybox":true,"showFlares":true,"showImageEffects":true,"showParticleSystems":true},"in2DMode":false,"pivot":{"x":459.81964111328127,"y":262.97979736328127,"z":-317.35992431640627},"rotation":{"x":0.044983383268117908,"y":-0.00869508646428585,"z":0.00039060364360921085,"w":0.9989523887634277},"size":173.427001953125,"orthographic":false}